"filename", "language", "YAML", "XML", "C++", "Dart", "Markdown", "Groovy", "Properties", "Swift", "Java", "JSON", "Objective-C", "Shell Script", "HTML", "comment", "blank", "total"
"/Users/paixs/Library/My_Flutter_Project/私密/外包/dianliyunwei/README.md", "Markdown", 0, 0, 0, 0, 10, 0, 0, 0, 0, 0, 0, 0, 0, 0, 7, 17
"/Users/paixs/Library/My_Flutter_Project/私密/外包/dianliyunwei/android/app/build.gradle", "Groovy", 0, 0, 0, 0, 0, 77, 0, 0, 0, 0, 0, 0, 0, 12, 15, 104
"/Users/paixs/Library/My_Flutter_Project/私密/外包/dianliyunwei/android/app/src/debug/AndroidManifest.xml", "XML", 0, 4, 0, 0, 0, 0, 0, 0, 0, 0, 0, 0, 0, 3, 1, 8
"/Users/paixs/Library/My_Flutter_Project/私密/外包/dianliyunwei/android/app/src/main/AndroidManifest.xml", "XML", 0, 40, 0, 0, 0, 0, 0, 0, 0, 0, 0, 0, 0, 11, 1, 52
"/Users/paixs/Library/My_Flutter_Project/私密/外包/dianliyunwei/android/app/src/main/java/com/MyApplication.java", "Java", 0, 0, 0, 0, 0, 0, 0, 0, 5, 0, 0, 0, 0, 14, 4, 23
"/Users/paixs/Library/My_Flutter_Project/私密/外包/dianliyunwei/android/app/src/main/res/drawable-v21/launch_background.xml", "XML", 0, 9, 0, 0, 0, 0, 0, 0, 0, 0, 0, 0, 0, 2, 2, 13
"/Users/paixs/Library/My_Flutter_Project/私密/外包/dianliyunwei/android/app/src/main/res/drawable/launch_background.xml", "XML", 0, 9, 0, 0, 0, 0, 0, 0, 0, 0, 0, 0, 0, 2, 2, 13
"/Users/paixs/Library/My_Flutter_Project/私密/外包/dianliyunwei/android/app/src/main/res/values-night/styles.xml", "XML", 0, 9, 0, 0, 0, 0, 0, 0, 0, 0, 0, 0, 0, 9, 1, 19
"/Users/paixs/Library/My_Flutter_Project/私密/外包/dianliyunwei/android/app/src/main/res/values/styles.xml", "XML", 0, 9, 0, 0, 0, 0, 0, 0, 0, 0, 0, 0, 0, 9, 1, 19
"/Users/paixs/Library/My_Flutter_Project/私密/外包/dianliyunwei/android/app/src/main/res/xml/network_security_config.xml", "XML", 0, 8, 0, 0, 0, 0, 0, 0, 0, 0, 0, 0, 0, 0, 0, 8
"/Users/paixs/Library/My_Flutter_Project/私密/外包/dianliyunwei/android/app/src/profile/AndroidManifest.xml", "XML", 0, 4, 0, 0, 0, 0, 0, 0, 0, 0, 0, 0, 0, 3, 1, 8
"/Users/paixs/Library/My_Flutter_Project/私密/外包/dianliyunwei/android/build.gradle", "Groovy", 0, 0, 0, 0, 0, 28, 0, 0, 0, 0, 0, 0, 0, 0, 5, 33
"/Users/paixs/Library/My_Flutter_Project/私密/外包/dianliyunwei/android/gradle.properties", "Properties", 0, 0, 0, 0, 0, 0, 3, 0, 0, 0, 0, 0, 0, 1, 1, 5
"/Users/paixs/Library/My_Flutter_Project/私密/外包/dianliyunwei/android/gradle/wrapper/gradle-wrapper.properties", "Properties", 0, 0, 0, 0, 0, 0, 5, 0, 0, 0, 0, 0, 0, 1, 1, 7
"/Users/paixs/Library/My_Flutter_Project/私密/外包/dianliyunwei/android/settings.gradle", "Groovy", 0, 0, 0, 0, 0, 8, 0, 0, 0, 0, 0, 0, 0, 0, 4, 12
"/Users/paixs/Library/My_Flutter_Project/私密/外包/dianliyunwei/android/settings_aar.gradle", "Groovy", 0, 0, 0, 0, 0, 1, 0, 0, 0, 0, 0, 0, 0, 0, 1, 2
"/Users/paixs/Library/My_Flutter_Project/私密/外包/dianliyunwei/assets/svg/play_svg.svg", "XML", 0, 1, 0, 0, 0, 0, 0, 0, 0, 0, 0, 0, 0, 0, 0, 1
"/Users/paixs/Library/My_Flutter_Project/私密/外包/dianliyunwei/data/province.json", "JSON", 0, 0, 0, 0, 0, 0, 0, 0, 0, 30950, 0, 0, 0, 0, 0, 30950
"/Users/paixs/Library/My_Flutter_Project/私密/外包/dianliyunwei/ios/Runner/AppDelegate.swift", "Swift", 0, 0, 0, 0, 0, 0, 0, 12, 0, 0, 0, 0, 0, 0, 2, 14
"/Users/paixs/Library/My_Flutter_Project/私密/外包/dianliyunwei/ios/Runner/Assets.xcassets/AppIcon.appiconset/Contents.json", "JSON", 0, 0, 0, 0, 0, 0, 0, 0, 0, 122, 0, 0, 0, 0, 1, 123
"/Users/paixs/Library/My_Flutter_Project/私密/外包/dianliyunwei/ios/Runner/Assets.xcassets/LaunchImage.imageset/Contents.json", "JSON", 0, 0, 0, 0, 0, 0, 0, 0, 0, 23, 0, 0, 0, 0, 1, 24
"/Users/paixs/Library/My_Flutter_Project/私密/外包/dianliyunwei/ios/Runner/Assets.xcassets/LaunchImage.imageset/README.md", "Markdown", 0, 0, 0, 0, 3, 0, 0, 0, 0, 0, 0, 0, 0, 0, 2, 5
"/Users/paixs/Library/My_Flutter_Project/私密/外包/dianliyunwei/ios/Runner/Base.lproj/LaunchScreen.storyboard", "XML", 0, 36, 0, 0, 0, 0, 0, 0, 0, 0, 0, 0, 0, 1, 1, 38
"/Users/paixs/Library/My_Flutter_Project/私密/外包/dianliyunwei/ios/Runner/Base.lproj/Main.storyboard", "XML", 0, 25, 0, 0, 0, 0, 0, 0, 0, 0, 0, 0, 0, 1, 1, 27
"/Users/paixs/Library/My_Flutter_Project/私密/外包/dianliyunwei/ios/Runner/Runner-Bridging-Header.h", "C++", 0, 0, 1, 0, 0, 0, 0, 0, 0, 0, 0, 0, 0, 0, 1, 2
"/Users/paixs/Library/My_Flutter_Project/私密/外包/dianliyunwei/lib/config/common_config.dart", "Dart", 0, 0, 0, 5, 0, 0, 0, 0, 0, 0, 0, 0, 0, 0, 2, 7
"/Users/paixs/Library/My_Flutter_Project/私密/外包/dianliyunwei/lib/main.dart", "Dart", 0, 0, 0, 397, 0, 0, 0, 0, 0, 0, 0, 0, 0, 34, 22, 453
"/Users/paixs/Library/My_Flutter_Project/私密/外包/dianliyunwei/lib/model/phone_country_code_data.dart", "Dart", 0, 0, 0, 68, 0, 0, 0, 0, 0, 0, 0, 0, 0, 0, 11, 79
"/Users/paixs/Library/My_Flutter_Project/私密/外包/dianliyunwei/lib/model/user_model.dart", "Dart", 0, 0, 0, 146, 0, 0, 0, 0, 0, 0, 0, 0, 0, 40, 3, 189
"/Users/paixs/Library/My_Flutter_Project/私密/外包/dianliyunwei/lib/page/home/baidu_location.dart", "Dart", 0, 0, 0, 304, 0, 0, 0, 0, 0, 0, 0, 0, 0, 9, 12, 325
"/Users/paixs/Library/My_Flutter_Project/私密/外包/dianliyunwei/lib/page/home/bangni_page.dart", "Dart", 0, 0, 0, 204, 0, 0, 0, 0, 0, 0, 0, 0, 0, 6, 7, 217
"/Users/paixs/Library/My_Flutter_Project/私密/外包/dianliyunwei/lib/page/home/chengjiao_page.dart", "Dart", 0, 0, 0, 68, 0, 0, 0, 0, 0, 0, 0, 0, 0, 2, 6, 76
"/Users/paixs/Library/My_Flutter_Project/私密/外包/dianliyunwei/lib/page/home/city_selecto.dart", "Dart", 0, 0, 0, 574, 0, 0, 0, 0, 0, 0, 0, 0, 0, 5, 14, 593
"/Users/paixs/Library/My_Flutter_Project/私密/外包/dianliyunwei/lib/page/home/fangdai_page.dart", "Dart", 0, 0, 0, 301, 0, 0, 0, 0, 0, 0, 0, 0, 0, 0, 8, 309
"/Users/paixs/Library/My_Flutter_Project/私密/外包/dianliyunwei/lib/page/home/goufang_ziliao.dart", "Dart", 0, 0, 0, 136, 0, 0, 0, 0, 0, 0, 0, 0, 0, 1, 9, 146
"/Users/paixs/Library/My_Flutter_Project/私密/外包/dianliyunwei/lib/page/home/loupan_info.dart", "Dart", 0, 0, 0, 141, 0, 0, 0, 0, 0, 0, 0, 0, 0, 1, 4, 146
"/Users/paixs/Library/My_Flutter_Project/私密/外包/dianliyunwei/lib/page/home/loupan_page.dart", "Dart", 0, 0, 0, 1800, 0, 0, 0, 0, 0, 0, 0, 0, 0, 25, 44, 1869
"/Users/paixs/Library/My_Flutter_Project/私密/外包/dianliyunwei/lib/page/home/pinpai_page.dart", "Dart", 0, 0, 0, 184, 0, 0, 0, 0, 0, 0, 0, 0, 0, 4, 12, 200
"/Users/paixs/Library/My_Flutter_Project/私密/外包/dianliyunwei/lib/page/home/renqibang_page.dart", "Dart", 0, 0, 0, 68, 0, 0, 0, 0, 0, 0, 0, 0, 0, 2, 6, 76
"/Users/paixs/Library/My_Flutter_Project/私密/外包/dianliyunwei/lib/page/home/sunpan_page.dart", "Dart", 0, 0, 0, 105, 0, 0, 0, 0, 0, 0, 0, 0, 0, 2, 7, 114
"/Users/paixs/Library/My_Flutter_Project/私密/外包/dianliyunwei/lib/page/home/xiaoshoubang_page.dart", "Dart", 0, 0, 0, 68, 0, 0, 0, 0, 0, 0, 0, 0, 0, 2, 6, 76
"/Users/paixs/Library/My_Flutter_Project/私密/外包/dianliyunwei/lib/page/home_page.dart", "Dart", 0, 0, 0, 278, 0, 0, 0, 0, 0, 0, 0, 0, 0, 14, 13, 305
"/Users/paixs/Library/My_Flutter_Project/私密/外包/dianliyunwei/lib/page/login_page.dart", "Dart", 0, 0, 0, 1169, 0, 0, 0, 0, 0, 0, 0, 0, 0, 50, 25, 1244
"/Users/paixs/Library/My_Flutter_Project/私密/外包/dianliyunwei/lib/page/my_page.dart", "Dart", 0, 0, 0, 731, 0, 0, 0, 0, 0, 0, 0, 0, 0, 39, 21, 791
"/Users/paixs/Library/My_Flutter_Project/私密/外包/dianliyunwei/lib/page/my_page2.dart", "Dart", 0, 0, 0, 346, 0, 0, 0, 0, 0, 0, 0, 0, 0, 1, 9, 356
"/Users/paixs/Library/My_Flutter_Project/私密/外包/dianliyunwei/lib/page/order_page.dart", "Dart", 0, 0, 0, 20, 0, 0, 0, 0, 0, 0, 0, 0, 0, 15, 3, 38
"/Users/paixs/Library/My_Flutter_Project/私密/外包/dianliyunwei/lib/page/shaixuan_page.dart", "Dart", 0, 0, 0, 698, 0, 0, 0, 0, 0, 0, 0, 0, 0, 12, 8, 718
"/Users/paixs/Library/My_Flutter_Project/私密/外包/dianliyunwei/lib/page/shopping_page.dart", "Dart", 0, 0, 0, 425, 0, 0, 0, 0, 0, 0, 0, 0, 0, 4, 24, 453
"/Users/paixs/Library/My_Flutter_Project/私密/外包/dianliyunwei/lib/page/video_page.dart", "Dart", 0, 0, 0, 205, 0, 0, 0, 0, 0, 0, 0, 0, 0, 22, 18, 245
"/Users/paixs/Library/My_Flutter_Project/私密/外包/dianliyunwei/lib/page/wode/bangzhu_page.dart", "Dart", 0, 0, 0, 158, 0, 0, 0, 0, 0, 0, 0, 0, 0, 2, 11, 171
"/Users/paixs/Library/My_Flutter_Project/私密/外包/dianliyunwei/lib/page/wode/dengji_item.dart", "Dart", 0, 0, 0, 183, 0, 0, 0, 0, 0, 0, 0, 0, 0, 2, 7, 192
"/Users/paixs/Library/My_Flutter_Project/私密/外包/dianliyunwei/lib/page/wode/dengji_page.dart", "Dart", 0, 0, 0, 541, 0, 0, 0, 0, 0, 0, 0, 0, 0, 14, 7, 562
"/Users/paixs/Library/My_Flutter_Project/私密/外包/dianliyunwei/lib/page/wode/fankui_page.dart", "Dart", 0, 0, 0, 124, 0, 0, 0, 0, 0, 0, 0, 0, 0, 1, 7, 132
"/Users/paixs/Library/My_Flutter_Project/私密/外包/dianliyunwei/lib/page/wode/fensi_page.dart", "Dart", 0, 0, 0, 239, 0, 0, 0, 0, 0, 0, 0, 0, 0, 4, 13, 256
"/Users/paixs/Library/My_Flutter_Project/私密/外包/dianliyunwei/lib/page/wode/guanyu_page.dart", "Dart", 0, 0, 0, 108, 0, 0, 0, 0, 0, 0, 0, 0, 0, 5, 7, 120
"/Users/paixs/Library/My_Flutter_Project/私密/外包/dianliyunwei/lib/page/wode/kehu_page.dart", "Dart", 0, 0, 0, 403, 0, 0, 0, 0, 0, 0, 0, 0, 0, 12, 20, 435
"/Users/paixs/Library/My_Flutter_Project/私密/外包/dianliyunwei/lib/page/wode/quanyi_page.dart", "Dart", 0, 0, 0, 310, 0, 0, 0, 0, 0, 0, 0, 0, 0, 0, 8, 318
"/Users/paixs/Library/My_Flutter_Project/私密/外包/dianliyunwei/lib/page/wode/setup_page.dart", "Dart", 0, 0, 0, 371, 0, 0, 0, 0, 0, 0, 0, 0, 0, 8, 14, 393
"/Users/paixs/Library/My_Flutter_Project/私密/外包/dianliyunwei/lib/page/wode/shangxueyuan_page.dart", "Dart", 0, 0, 0, 238, 0, 0, 0, 0, 0, 0, 0, 0, 0, 0, 9, 247
"/Users/paixs/Library/My_Flutter_Project/私密/外包/dianliyunwei/lib/page/wode/shiming_page.dart", "Dart", 0, 0, 0, 229, 0, 0, 0, 0, 0, 0, 0, 0, 0, 0, 12, 241
"/Users/paixs/Library/My_Flutter_Project/私密/外包/dianliyunwei/lib/page/wode/shoucang_page.dart", "Dart", 0, 0, 0, 79, 0, 0, 0, 0, 0, 0, 0, 0, 0, 2, 6, 87
"/Users/paixs/Library/My_Flutter_Project/私密/外包/dianliyunwei/lib/page/wode/tixian_page.dart", "Dart", 0, 0, 0, 168, 0, 0, 0, 0, 0, 0, 0, 0, 0, 0, 7, 175
"/Users/paixs/Library/My_Flutter_Project/私密/外包/dianliyunwei/lib/page/wode/xieyi_page.dart", "Dart", 0, 0, 0, 65, 0, 0, 0, 0, 0, 0, 0, 0, 0, 2, 7, 74
"/Users/paixs/Library/My_Flutter_Project/私密/外包/dianliyunwei/lib/page/wode/xiugai_login.dart", "Dart", 0, 0, 0, 161, 0, 0, 0, 0, 0, 0, 0, 0, 0, 1, 5, 167
"/Users/paixs/Library/My_Flutter_Project/私密/外包/dianliyunwei/lib/page/wode/yaoqing_page.dart", "Dart", 0, 0, 0, 223, 0, 0, 0, 0, 0, 0, 0, 0, 0, 8, 8, 239
"/Users/paixs/Library/My_Flutter_Project/私密/外包/dianliyunwei/lib/page/xiaoxi_page.dart", "Dart", 0, 0, 0, 139, 0, 0, 0, 0, 0, 0, 0, 0, 0, 2, 6, 147
"/Users/paixs/Library/My_Flutter_Project/私密/外包/dianliyunwei/lib/page/zixun_page.dart", "Dart", 0, 0, 0, 161, 0, 0, 0, 0, 0, 0, 0, 0, 0, 5, 14, 180
"/Users/paixs/Library/My_Flutter_Project/私密/外包/dianliyunwei/lib/provider/app_provider.dart", "Dart", 0, 0, 0, 100, 0, 0, 0, 0, 0, 0, 0, 0, 0, 12, 16, 128
"/Users/paixs/Library/My_Flutter_Project/私密/外包/dianliyunwei/lib/provider/chat_provider.dart", "Dart", 0, 0, 0, 72, 0, 0, 0, 0, 0, 0, 0, 0, 0, 5, 5, 82
"/Users/paixs/Library/My_Flutter_Project/私密/外包/dianliyunwei/lib/provider/provider_config.dart", "Dart", 0, 0, 0, 19, 0, 0, 0, 0, 0, 0, 0, 0, 0, 2, 7, 28
"/Users/paixs/Library/My_Flutter_Project/私密/外包/dianliyunwei/lib/provider/shoping_pro.dart", "Dart", 0, 0, 0, 3, 0, 0, 0, 0, 0, 0, 0, 0, 0, 0, 2, 5
"/Users/paixs/Library/My_Flutter_Project/私密/外包/dianliyunwei/lib/provider/user_provider.dart", "Dart", 0, 0, 0, 85, 0, 0, 0, 0, 0, 0, 0, 0, 0, 9, 10, 104
"/Users/paixs/Library/My_Flutter_Project/私密/外包/dianliyunwei/lib/util/comon.dart", "Dart", 0, 0, 0, 52, 0, 0, 0, 0, 0, 0, 0, 0, 0, 1, 5, 58
"/Users/paixs/Library/My_Flutter_Project/私密/外包/dianliyunwei/lib/util/http.dart", "Dart", 0, 0, 0, 273, 0, 0, 0, 0, 0, 0, 0, 0, 0, 21, 10, 304
"/Users/paixs/Library/My_Flutter_Project/私密/外包/dianliyunwei/lib/view/views.dart", "Dart", 0, 0, 0, 222, 0, 0, 0, 0, 0, 0, 0, 0, 0, 225, 15, 462
"/Users/paixs/Library/My_Flutter_Project/私密/外包/dianliyunwei/lib/widget/appbar_widget.dart", "Dart", 0, 0, 0, 88, 0, 0, 0, 0, 0, 0, 0, 0, 0, 6, 3, 97
"/Users/paixs/Library/My_Flutter_Project/私密/外包/dianliyunwei/lib/widget/bnb_widget.dart", "Dart", 0, 0, 0, 152, 0, 0, 0, 0, 0, 0, 0, 0, 0, 0, 5, 157
"/Users/paixs/Library/My_Flutter_Project/私密/外包/dianliyunwei/lib/widget/city_picker.dart", "Dart", 0, 0, 0, 364, 0, 0, 0, 0, 0, 0, 0, 0, 0, 1, 32, 397
"/Users/paixs/Library/My_Flutter_Project/私密/外包/dianliyunwei/lib/widget/date_picker.dart", "Dart", 0, 0, 0, 486, 0, 0, 0, 0, 0, 0, 0, 0, 0, 17, 42, 545
"/Users/paixs/Library/My_Flutter_Project/私密/外包/dianliyunwei/lib/widget/lazy_data_table.dart", "Dart", 0, 0, 0, 238, 0, 0, 0, 0, 0, 0, 0, 0, 0, 16, 35, 289
"/Users/paixs/Library/My_Flutter_Project/私密/外包/dianliyunwei/lib/widget/my_custom_scroll.dart", "Dart", 0, 0, 0, 193, 0, 0, 0, 0, 0, 0, 0, 0, 0, 5, 9, 207
"/Users/paixs/Library/My_Flutter_Project/私密/外包/dianliyunwei/lib/widget/no_sliding_return.dart", "Dart", 0, 0, 0, 21, 0, 0, 0, 0, 0, 0, 0, 0, 0, 4, 5, 30
"/Users/paixs/Library/My_Flutter_Project/私密/外包/dianliyunwei/lib/widget/tab_link_widget.dart", "Dart", 0, 0, 0, 256, 0, 0, 0, 0, 0, 0, 0, 0, 0, 9, 11, 276
"/Users/paixs/Library/My_Flutter_Project/私密/外包/dianliyunwei/lib/widget/tab_widget.dart", "Dart", 0, 0, 0, 77, 0, 0, 0, 0, 0, 0, 0, 0, 0, 4, 7, 88
"/Users/paixs/Library/My_Flutter_Project/私密/外包/dianliyunwei/lib/widget/table.dart", "Dart", 0, 0, 0, 69, 0, 0, 0, 0, 0, 0, 0, 0, 0, 1, 4, 74
"/Users/paixs/Library/My_Flutter_Project/私密/外包/dianliyunwei/lib/widget/tabs.dart", "Dart", 0, 0, 0, 983, 0, 0, 0, 0, 0, 0, 0, 0, 0, 28, 154, 1165
"/Users/paixs/Library/My_Flutter_Project/私密/外包/dianliyunwei/lib/widget/text_edit_widget.dart", "Dart", 0, 0, 0, 85, 0, 0, 0, 0, 0, 0, 0, 0, 0, 0, 7, 92
"/Users/paixs/Library/My_Flutter_Project/私密/外包/dianliyunwei/lib/widget/tween_widget.dart", "Dart", 0, 0, 0, 117, 0, 0, 0, 0, 0, 0, 0, 0, 0, 1, 7, 125
"/Users/paixs/Library/My_Flutter_Project/私密/外包/dianliyunwei/lib/widget/upapp_widget.dart", "Dart", 0, 0, 0, 156, 0, 0, 0, 0, 0, 0, 0, 0, 0, 11, 8, 175
"/Users/paixs/Library/My_Flutter_Project/私密/外包/dianliyunwei/lib/widget/widgets.dart", "Dart", 0, 0, 0, 834, 0, 0, 0, 0, 0, 0, 0, 0, 0, 65, 33, 932
"/Users/paixs/Library/My_Flutter_Project/私密/外包/dianliyunwei/macos/Flutter/GeneratedPluginRegistrant.swift", "Swift", 0, 0, 0, 0, 0, 0, 0, 20, 0, 0, 0, 0, 0, 4, 5, 29
"/Users/paixs/Library/My_Flutter_Project/私密/外包/dianliyunwei/macos/Runner/AppDelegate.swift", "Swift", 0, 0, 0, 0, 0, 0, 0, 8, 0, 0, 0, 0, 0, 0, 2, 10
"/Users/paixs/Library/My_Flutter_Project/私密/外包/dianliyunwei/macos/Runner/Assets.xcassets/AppIcon.appiconset/Contents.json", "JSON", 0, 0, 0, 0, 0, 0, 0, 0, 0, 68, 0, 0, 0, 0, 1, 69
"/Users/paixs/Library/My_Flutter_Project/私密/外包/dianliyunwei/macos/Runner/Base.lproj/MainMenu.xib", "XML", 0, 339, 0, 0, 0, 0, 0, 0, 0, 0, 0, 0, 0, 0, 1, 340
"/Users/paixs/Library/My_Flutter_Project/私密/外包/dianliyunwei/macos/Runner/MainFlutterWindow.swift", "Swift", 0, 0, 0, 0, 0, 0, 0, 12, 0, 0, 0, 0, 0, 0, 4, 16
"/Users/paixs/Library/My_Flutter_Project/私密/外包/dianliyunwei/package/imkit-flutter-quickstart/README.md", "Markdown", 0, 0, 0, 0, 26, 0, 0, 0, 0, 0, 0, 0, 0, 0, 14, 40
"/Users/paixs/Library/My_Flutter_Project/私密/外包/dianliyunwei/package/imkit-flutter-quickstart/android/app/build.gradle", "Groovy", 0, 0, 0, 0, 0, 69, 0, 0, 0, 0, 0, 0, 0, 7, 16, 92
"/Users/paixs/Library/My_Flutter_Project/私密/外包/dianliyunwei/package/imkit-flutter-quickstart/android/app/src/debug/AndroidManifest.xml", "XML", 0, 4, 0, 0, 0, 0, 0, 0, 0, 0, 0, 0, 0, 3, 1, 8
"/Users/paixs/Library/My_Flutter_Project/私密/外包/dianliyunwei/package/imkit-flutter-quickstart/android/app/src/main/AndroidManifest.xml", "XML", 0, 44, 0, 0, 0, 0, 0, 0, 0, 0, 0, 0, 0, 9, 2, 55
"/Users/paixs/Library/My_Flutter_Project/私密/外包/dianliyunwei/package/imkit-flutter-quickstart/android/app/src/main/java/com/example/rongcloud_im_plugin_example/MainActivity.java", "Java", 0, 0, 0, 0, 0, 0, 0, 0, 23, 0, 0, 0, 0, 20, 9, 52
"/Users/paixs/Library/My_Flutter_Project/私密/外包/dianliyunwei/package/imkit-flutter-quickstart/android/app/src/main/java/com/example/rongcloud_im_plugin_example/TestMessage.java", "Java", 0, 0, 0, 0, 0, 0, 0, 0, 132, 0, 0, 0, 0, 56, 41, 229
"/Users/paixs/Library/My_Flutter_Project/私密/外包/dianliyunwei/package/imkit-flutter-quickstart/android/app/src/main/res/drawable/launch_background.xml", "XML", 0, 4, 0, 0, 0, 0, 0, 0, 0, 0, 0, 0, 0, 7, 2, 13
"/Users/paixs/Library/My_Flutter_Project/私密/外包/dianliyunwei/package/imkit-flutter-quickstart/android/app/src/main/res/values/styles.xml", "XML", 0, 6, 0, 0, 0, 0, 0, 0, 0, 0, 0, 0, 0, 2, 1, 9
"/Users/paixs/Library/My_Flutter_Project/私密/外包/dianliyunwei/package/imkit-flutter-quickstart/android/app/src/profile/AndroidManifest.xml", "XML", 0, 5, 0, 0, 0, 0, 0, 0, 0, 0, 0, 0, 0, 3, 1, 9
"/Users/paixs/Library/My_Flutter_Project/私密/外包/dianliyunwei/package/imkit-flutter-quickstart/android/build.gradle", "Groovy", 0, 0, 0, 0, 0, 25, 0, 0, 0, 0, 0, 0, 0, 0, 5, 30
"/Users/paixs/Library/My_Flutter_Project/私密/外包/dianliyunwei/package/imkit-flutter-quickstart/android/gradle.properties", "Properties", 0, 0, 0, 0, 0, 0, 4, 0, 0, 0, 0, 0, 0, 0, 1, 5
"/Users/paixs/Library/My_Flutter_Project/私密/外包/dianliyunwei/package/imkit-flutter-quickstart/android/gradle/wrapper/gradle-wrapper.properties", "Properties", 0, 0, 0, 0, 0, 0, 5, 0, 0, 0, 0, 0, 0, 1, 1, 7
"/Users/paixs/Library/My_Flutter_Project/私密/外包/dianliyunwei/package/imkit-flutter-quickstart/android/settings.gradle", "Groovy", 0, 0, 0, 0, 0, 12, 0, 0, 0, 0, 0, 0, 0, 0, 4, 16
"/Users/paixs/Library/My_Flutter_Project/私密/外包/dianliyunwei/package/imkit-flutter-quickstart/android/settings_aar.gradle", "Groovy", 0, 0, 0, 0, 0, 1, 0, 0, 0, 0, 0, 0, 0, 0, 1, 2
"/Users/paixs/Library/My_Flutter_Project/私密/外包/dianliyunwei/package/imkit-flutter-quickstart/assets/RCFlutterConf.json", "JSON", 0, 0, 0, 0, 0, 0, 0, 0, 0, 5, 0, 0, 0, 0, 0, 5
"/Users/paixs/Library/My_Flutter_Project/私密/外包/dianliyunwei/package/imkit-flutter-quickstart/assets/combine.json", "JSON", 0, 0, 0, 0, 0, 0, 0, 0, 0, 19, 0, 0, 0, 0, 2, 21
"/Users/paixs/Library/My_Flutter_Project/私密/外包/dianliyunwei/package/imkit-flutter-quickstart/ios/Flutter/flutter_export_environment.sh", "Shell Script", 0, 0, 0, 0, 0, 0, 0, 0, 0, 0, 0, 12, 0, 2, 1, 15
"/Users/paixs/Library/My_Flutter_Project/私密/外包/dianliyunwei/package/imkit-flutter-quickstart/ios/Runner/AppDelegate.h", "C++", 0, 0, 4, 0, 0, 0, 0, 0, 0, 0, 0, 0, 0, 0, 3, 7
"/Users/paixs/Library/My_Flutter_Project/私密/外包/dianliyunwei/package/imkit-flutter-quickstart/ios/Runner/AppDelegate.m", "Objective-C", 0, 0, 0, 0, 0, 0, 0, 0, 0, 0, 28, 0, 0, 30, 13, 71
"/Users/paixs/Library/My_Flutter_Project/私密/外包/dianliyunwei/package/imkit-flutter-quickstart/ios/Runner/Assets.xcassets/AppIcon.appiconset/Contents.json", "JSON", 0, 0, 0, 0, 0, 0, 0, 0, 0, 122, 0, 0, 0, 0, 1, 123
"/Users/paixs/Library/My_Flutter_Project/私密/外包/dianliyunwei/package/imkit-flutter-quickstart/ios/Runner/Assets.xcassets/LaunchImage.imageset/Contents.json", "JSON", 0, 0, 0, 0, 0, 0, 0, 0, 0, 23, 0, 0, 0, 0, 1, 24
"/Users/paixs/Library/My_Flutter_Project/私密/外包/dianliyunwei/package/imkit-flutter-quickstart/ios/Runner/Assets.xcassets/LaunchImage.imageset/README.md", "Markdown", 0, 0, 0, 0, 3, 0, 0, 0, 0, 0, 0, 0, 0, 0, 2, 5
"/Users/paixs/Library/My_Flutter_Project/私密/外包/dianliyunwei/package/imkit-flutter-quickstart/ios/Runner/Base.lproj/LaunchScreen.storyboard", "XML", 0, 36, 0, 0, 0, 0, 0, 0, 0, 0, 0, 0, 0, 1, 1, 38
"/Users/paixs/Library/My_Flutter_Project/私密/外包/dianliyunwei/package/imkit-flutter-quickstart/ios/Runner/Base.lproj/Main.storyboard", "XML", 0, 25, 0, 0, 0, 0, 0, 0, 0, 0, 0, 0, 0, 1, 1, 27
"/Users/paixs/Library/My_Flutter_Project/私密/外包/dianliyunwei/package/imkit-flutter-quickstart/ios/Runner/RCDTestMessage.h", "C++", 0, 0, 7, 0, 0, 0, 0, 0, 0, 0, 0, 0, 0, 27, 8, 42
"/Users/paixs/Library/My_Flutter_Project/私密/外包/dianliyunwei/package/imkit-flutter-quickstart/ios/Runner/RCDTestMessage.m", "Objective-C", 0, 0, 0, 0, 0, 0, 0, 0, 0, 0, 55, 0, 0, 15, 17, 87
"/Users/paixs/Library/My_Flutter_Project/私密/外包/dianliyunwei/package/imkit-flutter-quickstart/ios/Runner/main.m", "Objective-C", 0, 0, 0, 0, 0, 0, 0, 0, 0, 0, 8, 0, 0, 0, 2, 10
"/Users/paixs/Library/My_Flutter_Project/私密/外包/dianliyunwei/package/imkit-flutter-quickstart/lib/im/pages/conversation_list_page.dart", "Dart", 0, 0, 0, 219, 0, 0, 0, 0, 0, 0, 0, 0, 0, 48, 22, 289
"/Users/paixs/Library/My_Flutter_Project/私密/外包/dianliyunwei/package/imkit-flutter-quickstart/lib/im/pages/conversation_page.dart", "Dart", 0, 0, 0, 882, 0, 0, 0, 0, 0, 0, 0, 0, 0, 220, 93, 1195
"/Users/paixs/Library/My_Flutter_Project/私密/外包/dianliyunwei/package/imkit-flutter-quickstart/lib/im/pages/file_preview_page.dart", "Dart", 0, 0, 0, 146, 0, 0, 0, 0, 0, 0, 0, 0, 0, 6, 16, 168
"/Users/paixs/Library/My_Flutter_Project/私密/外包/dianliyunwei/package/imkit-flutter-quickstart/lib/im/pages/image_preview_page.dart", "Dart", 0, 0, 0, 82, 0, 0, 0, 0, 0, 0, 0, 0, 0, 8, 8, 98
"/Users/paixs/Library/My_Flutter_Project/私密/外包/dianliyunwei/package/imkit-flutter-quickstart/lib/im/pages/item/bottom_input_bar.dart", "Dart", 0, 0, 0, 419, 0, 0, 0, 0, 0, 0, 0, 0, 0, 70, 43, 532
"/Users/paixs/Library/My_Flutter_Project/私密/外包/dianliyunwei/package/imkit-flutter-quickstart/lib/im/pages/item/bottom_tool_bar.dart", "Dart", 0, 0, 0, 67, 0, 0, 0, 0, 0, 0, 0, 0, 0, 0, 9, 76
"/Users/paixs/Library/My_Flutter_Project/私密/外包/dianliyunwei/package/imkit-flutter-quickstart/lib/im/pages/item/conversation_item.dart", "Dart", 0, 0, 0, 516, 0, 0, 0, 0, 0, 0, 0, 0, 0, 62, 36, 614
"/Users/paixs/Library/My_Flutter_Project/私密/外包/dianliyunwei/package/imkit-flutter-quickstart/lib/im/pages/item/conversation_list_item.dart", "Dart", 0, 0, 0, 324, 0, 0, 0, 0, 0, 0, 0, 0, 0, 8, 21, 353
"/Users/paixs/Library/My_Flutter_Project/私密/外包/dianliyunwei/package/imkit-flutter-quickstart/lib/im/pages/item/message_content_list.dart", "Dart", 0, 0, 0, 201, 0, 0, 0, 0, 0, 0, 0, 0, 0, 13, 34, 248
"/Users/paixs/Library/My_Flutter_Project/私密/外包/dianliyunwei/package/imkit-flutter-quickstart/lib/im/pages/item/message_item_factory.dart", "Dart", 0, 0, 0, 613, 0, 0, 0, 0, 0, 0, 0, 0, 0, 28, 21, 662
"/Users/paixs/Library/My_Flutter_Project/私密/外包/dianliyunwei/package/imkit-flutter-quickstart/lib/im/pages/item/widget_util.dart", "Dart", 0, 0, 0, 222, 0, 0, 0, 0, 0, 0, 0, 0, 0, 8, 12, 242
"/Users/paixs/Library/My_Flutter_Project/私密/外包/dianliyunwei/package/imkit-flutter-quickstart/lib/im/pages/sight/record_bottom_item.dart", "Dart", 0, 0, 0, 155, 0, 0, 0, 0, 0, 0, 0, 0, 0, 5, 17, 177
"/Users/paixs/Library/My_Flutter_Project/私密/外包/dianliyunwei/package/imkit-flutter-quickstart/lib/im/pages/sight/record_top_item.dart", "Dart", 0, 0, 0, 120, 0, 0, 0, 0, 0, 0, 0, 0, 0, 5, 15, 140
"/Users/paixs/Library/My_Flutter_Project/私密/外包/dianliyunwei/package/imkit-flutter-quickstart/lib/im/pages/sight/video_play_page.dart", "Dart", 0, 0, 0, 74, 0, 0, 0, 0, 0, 0, 0, 0, 0, 1, 12, 87
"/Users/paixs/Library/My_Flutter_Project/私密/外包/dianliyunwei/package/imkit-flutter-quickstart/lib/im/pages/sight/video_record_page.dart", "Dart", 0, 0, 0, 261, 0, 0, 0, 0, 0, 0, 0, 0, 0, 15, 40, 316
"/Users/paixs/Library/My_Flutter_Project/私密/外包/dianliyunwei/package/imkit-flutter-quickstart/lib/im/util/bloc/bloc_provider.dart", "Dart", 0, 0, 0, 31, 0, 0, 0, 0, 0, 0, 0, 0, 0, 1, 9, 41
"/Users/paixs/Library/My_Flutter_Project/私密/外包/dianliyunwei/package/imkit-flutter-quickstart/lib/im/util/bloc/message_bloc.dart", "Dart", 0, 0, 0, 21, 0, 0, 0, 0, 0, 0, 0, 0, 0, 1, 5, 27
"/Users/paixs/Library/My_Flutter_Project/私密/外包/dianliyunwei/package/imkit-flutter-quickstart/lib/im/util/code_util.dart", "Dart", 0, 0, 0, 45, 0, 0, 0, 0, 0, 0, 0, 0, 0, 1, 2, 48
"/Users/paixs/Library/My_Flutter_Project/私密/外包/dianliyunwei/package/imkit-flutter-quickstart/lib/im/util/combine_message_util.dart", "Dart", 0, 0, 0, 459, 0, 0, 0, 0, 0, 0, 0, 0, 0, 20, 44, 523
"/Users/paixs/Library/My_Flutter_Project/私密/外包/dianliyunwei/package/imkit-flutter-quickstart/lib/im/util/db_manager.dart", "Dart", 0, 0, 0, 90, 0, 0, 0, 0, 0, 0, 0, 0, 0, 1, 10, 101
"/Users/paixs/Library/My_Flutter_Project/私密/外包/dianliyunwei/package/imkit-flutter-quickstart/lib/im/util/dialog_util.dart", "Dart", 0, 0, 0, 62, 0, 0, 0, 0, 0, 0, 0, 0, 0, 0, 3, 65
"/Users/paixs/Library/My_Flutter_Project/私密/外包/dianliyunwei/package/imkit-flutter-quickstart/lib/im/util/event_bus.dart", "Dart", 0, 0, 0, 42, 0, 0, 0, 0, 0, 0, 0, 0, 0, 5, 7, 54
"/Users/paixs/Library/My_Flutter_Project/私密/外包/dianliyunwei/package/imkit-flutter-quickstart/lib/im/util/file.dart", "Dart", 0, 0, 0, 69, 0, 0, 0, 0, 0, 0, 0, 0, 0, 1, 6, 76
"/Users/paixs/Library/My_Flutter_Project/私密/外包/dianliyunwei/package/imkit-flutter-quickstart/lib/im/util/file_suffix.dart", "Dart", 0, 0, 0, 126, 0, 0, 0, 0, 0, 0, 0, 0, 0, 0, 13, 139
"/Users/paixs/Library/My_Flutter_Project/私密/外包/dianliyunwei/package/imkit-flutter-quickstart/lib/im/util/http_util.dart", "Dart", 0, 0, 0, 49, 0, 0, 0, 0, 0, 0, 0, 0, 0, 8, 4, 61
"/Users/paixs/Library/My_Flutter_Project/私密/外包/dianliyunwei/package/imkit-flutter-quickstart/lib/im/util/media_util.dart", "Dart", 0, 0, 0, 98, 0, 0, 0, 0, 0, 0, 0, 0, 0, 27, 13, 138
"/Users/paixs/Library/My_Flutter_Project/私密/外包/dianliyunwei/package/imkit-flutter-quickstart/lib/im/util/style.dart", "Dart", 0, 0, 0, 250, 0, 0, 0, 0, 0, 0, 0, 0, 0, 16, 25, 291
"/Users/paixs/Library/My_Flutter_Project/私密/外包/dianliyunwei/package/imkit-flutter-quickstart/lib/im/util/time.dart", "Dart", 0, 0, 0, 49, 0, 0, 0, 0, 0, 0, 0, 0, 0, 6, 5, 60
"/Users/paixs/Library/My_Flutter_Project/私密/外包/dianliyunwei/package/imkit-flutter-quickstart/lib/im/util/user_info_datesource.dart", "Dart", 0, 0, 0, 130, 0, 0, 0, 0, 0, 0, 0, 0, 0, 6, 22, 158
"/Users/paixs/Library/My_Flutter_Project/私密/外包/dianliyunwei/package/imkit-flutter-quickstart/lib/im/widget/cachImage/cached_image_widget.dart", "Dart", 0, 0, 0, 310, 0, 0, 0, 0, 0, 0, 0, 0, 0, 83, 46, 439
"/Users/paixs/Library/My_Flutter_Project/私密/外包/dianliyunwei/package/imkit-flutter-quickstart/lib/im/widget/cachImage/cached_network_image_provider.dart", "Dart", 0, 0, 0, 69, 0, 0, 0, 0, 0, 0, 0, 0, 0, 6, 19, 94
"/Users/paixs/Library/My_Flutter_Project/私密/外包/dianliyunwei/package/imkit-flutter-quickstart/lib/main.dart", "Dart", 0, 0, 0, 153, 0, 0, 0, 0, 0, 0, 0, 0, 0, 8, 29, 190
"/Users/paixs/Library/My_Flutter_Project/私密/外包/dianliyunwei/package/imkit-flutter-quickstart/lib/other/chat_debug_page.dart", "Dart", 0, 0, 0, 420, 0, 0, 0, 0, 0, 0, 0, 0, 0, 0, 31, 451
"/Users/paixs/Library/My_Flutter_Project/私密/外包/dianliyunwei/package/imkit-flutter-quickstart/lib/other/chatroom_debug_page.dart", "Dart", 0, 0, 0, 181, 0, 0, 0, 0, 0, 0, 0, 0, 0, 0, 23, 204
"/Users/paixs/Library/My_Flutter_Project/私密/外包/dianliyunwei/package/imkit-flutter-quickstart/lib/other/contacts_page.dart", "Dart", 0, 0, 0, 105, 0, 0, 0, 0, 0, 0, 0, 0, 0, 10, 14, 129
"/Users/paixs/Library/My_Flutter_Project/私密/外包/dianliyunwei/package/imkit-flutter-quickstart/lib/other/debug_page.dart", "Dart", 0, 0, 0, 227, 0, 0, 0, 0, 0, 0, 0, 0, 0, 6, 15, 248
"/Users/paixs/Library/My_Flutter_Project/私密/外包/dianliyunwei/package/imkit-flutter-quickstart/lib/other/home_page.dart", "Dart", 0, 0, 0, 75, 0, 0, 0, 0, 0, 0, 0, 0, 0, 7, 9, 91
"/Users/paixs/Library/My_Flutter_Project/私密/外包/dianliyunwei/package/imkit-flutter-quickstart/lib/other/login_page.dart", "Dart", 0, 0, 0, 131, 0, 0, 0, 0, 0, 0, 0, 0, 0, 4, 14, 149
"/Users/paixs/Library/My_Flutter_Project/私密/外包/dianliyunwei/package/imkit-flutter-quickstart/lib/other/message_read_page.dart", "Dart", 0, 0, 0, 82, 0, 0, 0, 0, 0, 0, 0, 0, 0, 1, 10, 93
"/Users/paixs/Library/My_Flutter_Project/私密/外包/dianliyunwei/package/imkit-flutter-quickstart/lib/other/search_message_page.dart", "Dart", 0, 0, 0, 109, 0, 0, 0, 0, 0, 0, 0, 0, 0, 0, 8, 117
"/Users/paixs/Library/My_Flutter_Project/私密/外包/dianliyunwei/package/imkit-flutter-quickstart/lib/other/select_conversation_page.dart", "Dart", 0, 0, 0, 149, 0, 0, 0, 0, 0, 0, 0, 0, 0, 16, 18, 183
"/Users/paixs/Library/My_Flutter_Project/私密/外包/dianliyunwei/package/imkit-flutter-quickstart/lib/router.dart", "Dart", 0, 0, 0, 50, 0, 0, 0, 0, 0, 0, 0, 0, 0, 2, 5, 57
"/Users/paixs/Library/My_Flutter_Project/私密/外包/dianliyunwei/package/imkit-flutter-quickstart/lib/test_message.dart", "Dart", 0, 0, 0, 38, 0, 0, 0, 0, 0, 0, 0, 0, 0, 5, 10, 53
"/Users/paixs/Library/My_Flutter_Project/私密/外包/dianliyunwei/package/imkit-flutter-quickstart/lib/user_data.dart", "Dart", 0, 0, 0, 1, 0, 0, 0, 0, 0, 0, 0, 0, 0, 1, 0, 2
"/Users/paixs/Library/My_Flutter_Project/私密/外包/dianliyunwei/package/imkit-flutter-quickstart/package/paixs_utils/CHANGELOG.md", "Markdown", 0, 0, 0, 0, 2, 0, 0, 0, 0, 0, 0, 0, 0, 0, 2, 4
"/Users/paixs/Library/My_Flutter_Project/私密/外包/dianliyunwei/package/imkit-flutter-quickstart/package/paixs_utils/README.md", "Markdown", 0, 0, 0, 0, 10, 0, 0, 0, 0, 0, 0, 0, 0, 0, 5, 15
"/Users/paixs/Library/My_Flutter_Project/私密/外包/dianliyunwei/package/imkit-flutter-quickstart/package/paixs_utils/assets/svg/back.svg", "XML", 0, 1, 0, 0, 0, 0, 0, 0, 0, 0, 0, 0, 0, 0, 0, 1
"/Users/paixs/Library/My_Flutter_Project/私密/外包/dianliyunwei/package/imkit-flutter-quickstart/package/paixs_utils/assets/svg/shaixuan.svg", "XML", 0, 1, 0, 0, 0, 0, 0, 0, 0, 0, 0, 0, 0, 0, 0, 1
"/Users/paixs/Library/My_Flutter_Project/私密/外包/dianliyunwei/package/imkit-flutter-quickstart/package/paixs_utils/assets/svg/sousuo.svg", "XML", 0, 7, 0, 0, 0, 0, 0, 0, 0, 0, 0, 0, 0, 0, 1, 8
"/Users/paixs/Library/My_Flutter_Project/私密/外包/dianliyunwei/package/imkit-flutter-quickstart/package/paixs_utils/lib/config/net/Config.dart", "Dart", 0, 0, 0, 5, 0, 0, 0, 0, 0, 0, 0, 0, 0, 6, 1, 12
"/Users/paixs/Library/My_Flutter_Project/私密/外包/dianliyunwei/package/imkit-flutter-quickstart/package/paixs_utils/lib/config/net/api.dart", "Dart", 0, 0, 0, 56, 0, 0, 0, 0, 0, 0, 0, 0, 0, 7, 17, 80
"/Users/paixs/Library/My_Flutter_Project/私密/外包/dianliyunwei/package/imkit-flutter-quickstart/package/paixs_utils/lib/config/net/pgyer_api.dart", "Dart", 0, 0, 0, 70, 0, 0, 0, 0, 0, 0, 0, 0, 0, 25, 10, 105
"/Users/paixs/Library/My_Flutter_Project/私密/外包/dianliyunwei/package/imkit-flutter-quickstart/package/paixs_utils/lib/config/resource_mananger.dart", "Dart", 0, 0, 0, 63, 0, 0, 0, 0, 0, 0, 0, 0, 0, 13, 11, 87
"/Users/paixs/Library/My_Flutter_Project/私密/外包/dianliyunwei/package/imkit-flutter-quickstart/package/paixs_utils/lib/model/data_model.dart", "Dart", 0, 0, 0, 116, 0, 0, 0, 0, 0, 0, 0, 0, 0, 24, 19, 159
"/Users/paixs/Library/My_Flutter_Project/私密/外包/dianliyunwei/package/imkit-flutter-quickstart/package/paixs_utils/lib/paixs_utils.dart", "Dart", 0, 0, 0, 0, 0, 0, 0, 0, 0, 0, 0, 0, 0, 30, 3, 33
"/Users/paixs/Library/My_Flutter_Project/私密/外包/dianliyunwei/package/imkit-flutter-quickstart/package/paixs_utils/lib/util/interface.dart", "Dart", 0, 0, 0, 85, 0, 0, 0, 0, 0, 0, 0, 0, 0, 3, 6, 94
"/Users/paixs/Library/My_Flutter_Project/私密/外包/dianliyunwei/package/imkit-flutter-quickstart/package/paixs_utils/lib/util/textedit_util.dart", "Dart", 0, 0, 0, 55, 0, 0, 0, 0, 0, 0, 0, 0, 0, 4, 5, 64
"/Users/paixs/Library/My_Flutter_Project/私密/外包/dianliyunwei/package/imkit-flutter-quickstart/package/paixs_utils/lib/util/utils.dart", "Dart", 0, 0, 0, 314, 0, 0, 0, 0, 0, 0, 0, 0, 0, 63, 36, 413
"/Users/paixs/Library/My_Flutter_Project/私密/外包/dianliyunwei/package/imkit-flutter-quickstart/package/paixs_utils/lib/widget/CPicker_widget.dart", "Dart", 0, 0, 0, 338, 0, 0, 0, 0, 0, 0, 0, 0, 0, 2, 31, 371
"/Users/paixs/Library/My_Flutter_Project/私密/外包/dianliyunwei/package/imkit-flutter-quickstart/package/paixs_utils/lib/widget/anima_switch_widget.dart", "Dart", 0, 0, 0, 155, 0, 0, 0, 0, 0, 0, 0, 0, 0, 19, 22, 196
"/Users/paixs/Library/My_Flutter_Project/私密/外包/dianliyunwei/package/imkit-flutter-quickstart/package/paixs_utils/lib/widget/animated_switcher_widget.dart", "Dart", 0, 0, 0, 199, 0, 0, 0, 0, 0, 0, 0, 0, 0, 0, 18, 217
"/Users/paixs/Library/My_Flutter_Project/私密/外包/dianliyunwei/package/imkit-flutter-quickstart/package/paixs_utils/lib/widget/btmbtn_widget.dart", "Dart", 0, 0, 0, 153, 0, 0, 0, 0, 0, 0, 0, 0, 0, 3, 4, 160
"/Users/paixs/Library/My_Flutter_Project/私密/外包/dianliyunwei/package/imkit-flutter-quickstart/package/paixs_utils/lib/widget/button.dart", "Dart", 0, 0, 0, 69, 0, 0, 0, 0, 0, 0, 0, 0, 0, 0, 3, 72
"/Users/paixs/Library/My_Flutter_Project/私密/外包/dianliyunwei/package/imkit-flutter-quickstart/package/paixs_utils/lib/widget/custom_route.dart", "Dart", 0, 0, 0, 69, 0, 0, 0, 0, 0, 0, 0, 0, 0, 1, 4, 74
"/Users/paixs/Library/My_Flutter_Project/私密/外包/dianliyunwei/package/imkit-flutter-quickstart/package/paixs_utils/lib/widget/custom_scroll_physics.dart", "Dart", 0, 0, 0, 17, 0, 0, 0, 0, 0, 0, 0, 0, 0, 1, 3, 21
"/Users/paixs/Library/My_Flutter_Project/私密/外包/dianliyunwei/package/imkit-flutter-quickstart/package/paixs_utils/lib/widget/image.dart", "Dart", 0, 0, 0, 123, 0, 0, 0, 0, 0, 0, 0, 0, 0, 15, 6, 144
"/Users/paixs/Library/My_Flutter_Project/私密/外包/dianliyunwei/package/imkit-flutter-quickstart/package/paixs_utils/lib/widget/inkbtn_widget.dart", "Dart", 0, 0, 0, 30, 0, 0, 0, 0, 0, 0, 0, 0, 0, 0, 4, 34
"/Users/paixs/Library/My_Flutter_Project/私密/外包/dianliyunwei/package/imkit-flutter-quickstart/package/paixs_utils/lib/widget/item_tap_widget.dart", "Dart", 0, 0, 0, 30, 0, 0, 0, 0, 0, 0, 0, 0, 0, 0, 3, 33
"/Users/paixs/Library/My_Flutter_Project/私密/外包/dianliyunwei/package/imkit-flutter-quickstart/package/paixs_utils/lib/widget/matrix4_transform.dart", "Dart", 0, 0, 0, 147, 0, 0, 0, 0, 0, 0, 0, 0, 0, 86, 40, 273
"/Users/paixs/Library/My_Flutter_Project/私密/外包/dianliyunwei/package/imkit-flutter-quickstart/package/paixs_utils/lib/widget/my_classicHeader.dart", "Dart", 0, 0, 0, 262, 0, 0, 0, 0, 0, 0, 0, 0, 0, 0, 22, 284
"/Users/paixs/Library/My_Flutter_Project/私密/外包/dianliyunwei/package/imkit-flutter-quickstart/package/paixs_utils/lib/widget/my_custom_scroll.dart", "Dart", 0, 0, 0, 146, 0, 0, 0, 0, 0, 0, 0, 0, 0, 1, 4, 151
"/Users/paixs/Library/My_Flutter_Project/私密/外包/dianliyunwei/package/imkit-flutter-quickstart/package/paixs_utils/lib/widget/mylistview.dart", "Dart", 0, 0, 0, 361, 0, 0, 0, 0, 0, 0, 0, 0, 0, 9, 12, 382
"/Users/paixs/Library/My_Flutter_Project/私密/外包/dianliyunwei/package/imkit-flutter-quickstart/package/paixs_utils/lib/widget/mytext.dart", "Dart", 0, 0, 0, 91, 0, 0, 0, 0, 0, 0, 0, 0, 0, 3, 7, 101
"/Users/paixs/Library/My_Flutter_Project/私密/外包/dianliyunwei/package/imkit-flutter-quickstart/package/paixs_utils/lib/widget/pages.dart", "Dart", 0, 0, 0, 67, 0, 0, 0, 0, 0, 0, 0, 0, 0, 0, 18, 85
"/Users/paixs/Library/My_Flutter_Project/私密/外包/dianliyunwei/package/imkit-flutter-quickstart/package/paixs_utils/lib/widget/photo_widget.dart", "Dart", 0, 0, 0, 162, 0, 0, 0, 0, 0, 0, 0, 0, 0, 3, 9, 174
"/Users/paixs/Library/My_Flutter_Project/私密/外包/dianliyunwei/package/imkit-flutter-quickstart/package/paixs_utils/lib/widget/pop_widget.dart", "Dart", 0, 0, 0, 318, 0, 0, 0, 0, 0, 0, 0, 0, 0, 2, 28, 348
"/Users/paixs/Library/My_Flutter_Project/私密/外包/dianliyunwei/package/imkit-flutter-quickstart/package/paixs_utils/lib/widget/rating_bar.dart", "Dart", 0, 0, 0, 615, 0, 0, 0, 0, 0, 0, 0, 0, 0, 7, 9, 631
"/Users/paixs/Library/My_Flutter_Project/私密/外包/dianliyunwei/package/imkit-flutter-quickstart/package/paixs_utils/lib/widget/refresher_widget.dart", "Dart", 0, 0, 0, 60, 0, 0, 0, 0, 0, 0, 0, 0, 0, 0, 5, 65
"/Users/paixs/Library/My_Flutter_Project/私密/外包/dianliyunwei/package/imkit-flutter-quickstart/package/paixs_utils/lib/widget/route.dart", "Dart", 0, 0, 0, 914, 0, 0, 0, 0, 0, 0, 0, 0, 0, 94, 99, 1107
"/Users/paixs/Library/My_Flutter_Project/私密/外包/dianliyunwei/package/imkit-flutter-quickstart/package/paixs_utils/lib/widget/scaffold_widget.dart", "Dart", 0, 0, 0, 56, 0, 0, 0, 0, 0, 0, 0, 0, 0, 0, 5, 61
"/Users/paixs/Library/My_Flutter_Project/私密/外包/dianliyunwei/package/imkit-flutter-quickstart/package/paixs_utils/lib/widget/sheet_widget.dart", "Dart", 0, 0, 0, 307, 0, 0, 0, 0, 0, 0, 0, 0, 0, 1, 32, 340
"/Users/paixs/Library/My_Flutter_Project/私密/外包/dianliyunwei/package/imkit-flutter-quickstart/package/paixs_utils/lib/widget/shimmer_widget.dart", "Dart", 0, 0, 0, 444, 0, 0, 0, 0, 0, 0, 0, 0, 0, 11, 14, 469
"/Users/paixs/Library/My_Flutter_Project/私密/外包/dianliyunwei/package/imkit-flutter-quickstart/package/paixs_utils/lib/widget/tab_widget.dart", "Dart", 0, 0, 0, 62, 0, 0, 0, 0, 0, 0, 0, 0, 0, 1, 7, 70
"/Users/paixs/Library/My_Flutter_Project/私密/外包/dianliyunwei/package/imkit-flutter-quickstart/package/paixs_utils/lib/widget/tween_widget.dart", "Dart", 0, 0, 0, 117, 0, 0, 0, 0, 0, 0, 0, 0, 0, 1, 7, 125
"/Users/paixs/Library/My_Flutter_Project/私密/外包/dianliyunwei/package/imkit-flutter-quickstart/package/paixs_utils/lib/widget/upimage_widget.dart", "Dart", 0, 0, 0, 0, 0, 0, 0, 0, 0, 0, 0, 0, 0, 190, 7, 197
"/Users/paixs/Library/My_Flutter_Project/私密/外包/dianliyunwei/package/imkit-flutter-quickstart/package/paixs_utils/lib/widget/views.dart", "Dart", 0, 0, 0, 1535, 0, 0, 0, 0, 0, 0, 0, 0, 0, 108, 40, 1683
"/Users/paixs/Library/My_Flutter_Project/私密/外包/dianliyunwei/package/imkit-flutter-quickstart/package/paixs_utils/lib/widget/widget_tap.dart", "Dart", 0, 0, 0, 142, 0, 0, 0, 0, 0, 0, 0, 0, 0, 3, 10, 155
"/Users/paixs/Library/My_Flutter_Project/私密/外包/dianliyunwei/package/imkit-flutter-quickstart/package/paixs_utils/lib/widget/wrapImg_widget.dart", "Dart", 0, 0, 0, 62, 0, 0, 0, 0, 0, 0, 0, 0, 0, 0, 5, 67
"/Users/paixs/Library/My_Flutter_Project/私密/外包/dianliyunwei/package/imkit-flutter-quickstart/package/paixs_utils/pubspec.yaml", "YAML", 32, 0, 0, 0, 0, 0, 0, 0, 0, 0, 0, 0, 0, 35, 8, 75
"/Users/paixs/Library/My_Flutter_Project/私密/外包/dianliyunwei/package/imkit-flutter-quickstart/pubspec.yaml", "YAML", 45, 0, 0, 0, 0, 0, 0, 0, 0, 0, 0, 0, 0, 46, 15, 106
"/Users/paixs/Library/My_Flutter_Project/私密/外包/dianliyunwei/package/imkit-flutter-quickstart/test/widget_test.dart", "Dart", 0, 0, 0, 13, 0, 0, 0, 0, 0, 0, 0, 0, 0, 8, 3, 24
"/Users/paixs/Library/My_Flutter_Project/私密/外包/dianliyunwei/package/paixs_utils/CHANGELOG.md", "Markdown", 0, 0, 0, 0, 2, 0, 0, 0, 0, 0, 0, 0, 0, 0, 2, 4
"/Users/paixs/Library/My_Flutter_Project/私密/外包/dianliyunwei/package/paixs_utils/README.md", "Markdown", 0, 0, 0, 0, 10, 0, 0, 0, 0, 0, 0, 0, 0, 0, 5, 15
"/Users/paixs/Library/My_Flutter_Project/私密/外包/dianliyunwei/package/paixs_utils/assets/svg/back.svg", "XML", 0, 1, 0, 0, 0, 0, 0, 0, 0, 0, 0, 0, 0, 0, 0, 1
"/Users/paixs/Library/My_Flutter_Project/私密/外包/dianliyunwei/package/paixs_utils/assets/svg/shaixuan.svg", "XML", 0, 1, 0, 0, 0, 0, 0, 0, 0, 0, 0, 0, 0, 0, 0, 1
"/Users/paixs/Library/My_Flutter_Project/私密/外包/dianliyunwei/package/paixs_utils/assets/svg/sousuo.svg", "XML", 0, 7, 0, 0, 0, 0, 0, 0, 0, 0, 0, 0, 0, 0, 1, 8
"/Users/paixs/Library/My_Flutter_Project/私密/外包/dianliyunwei/package/paixs_utils/lib/config/net/Config.dart", "Dart", 0, 0, 0, 5, 0, 0, 0, 0, 0, 0, 0, 0, 0, 6, 1, 12
"/Users/paixs/Library/My_Flutter_Project/私密/外包/dianliyunwei/package/paixs_utils/lib/config/net/api.dart", "Dart", 0, 0, 0, 56, 0, 0, 0, 0, 0, 0, 0, 0, 0, 7, 17, 80
"/Users/paixs/Library/My_Flutter_Project/私密/外包/dianliyunwei/package/paixs_utils/lib/config/net/pgyer_api.dart", "Dart", 0, 0, 0, 71, 0, 0, 0, 0, 0, 0, 0, 0, 0, 27, 10, 108
"/Users/paixs/Library/My_Flutter_Project/私密/外包/dianliyunwei/package/paixs_utils/lib/config/resource_mananger.dart", "Dart", 0, 0, 0, 63, 0, 0, 0, 0, 0, 0, 0, 0, 0, 13, 11, 87
"/Users/paixs/Library/My_Flutter_Project/私密/外包/dianliyunwei/package/paixs_utils/lib/model/data_model.dart", "Dart", 0, 0, 0, 116, 0, 0, 0, 0, 0, 0, 0, 0, 0, 24, 19, 159
"/Users/paixs/Library/My_Flutter_Project/私密/外包/dianliyunwei/package/paixs_utils/lib/paixs_utils.dart", "Dart", 0, 0, 0, 0, 0, 0, 0, 0, 0, 0, 0, 0, 0, 30, 3, 33
"/Users/paixs/Library/My_Flutter_Project/私密/外包/dianliyunwei/package/paixs_utils/lib/util/interface.dart", "Dart", 0, 0, 0, 86, 0, 0, 0, 0, 0, 0, 0, 0, 0, 3, 6, 95
"/Users/paixs/Library/My_Flutter_Project/私密/外包/dianliyunwei/package/paixs_utils/lib/util/textedit_util.dart", "Dart", 0, 0, 0, 55, 0, 0, 0, 0, 0, 0, 0, 0, 0, 4, 5, 64
"/Users/paixs/Library/My_Flutter_Project/私密/外包/dianliyunwei/package/paixs_utils/lib/util/utils.dart", "Dart", 0, 0, 0, 340, 0, 0, 0, 0, 0, 0, 0, 0, 0, 47, 37, 424
"/Users/paixs/Library/My_Flutter_Project/私密/外包/dianliyunwei/package/paixs_utils/lib/widget/CPicker_widget.dart", "Dart", 0, 0, 0, 338, 0, 0, 0, 0, 0, 0, 0, 0, 0, 2, 31, 371
"/Users/paixs/Library/My_Flutter_Project/私密/外包/dianliyunwei/package/paixs_utils/lib/widget/anima_switch_widget.dart", "Dart", 0, 0, 0, 155, 0, 0, 0, 0, 0, 0, 0, 0, 0, 19, 22, 196
"/Users/paixs/Library/My_Flutter_Project/私密/外包/dianliyunwei/package/paixs_utils/lib/widget/animated_switcher_widget.dart", "Dart", 0, 0, 0, 199, 0, 0, 0, 0, 0, 0, 0, 0, 0, 0, 18, 217
"/Users/paixs/Library/My_Flutter_Project/私密/外包/dianliyunwei/package/paixs_utils/lib/widget/btmbtn_widget.dart", "Dart", 0, 0, 0, 153, 0, 0, 0, 0, 0, 0, 0, 0, 0, 3, 4, 160
"/Users/paixs/Library/My_Flutter_Project/私密/外包/dianliyunwei/package/paixs_utils/lib/widget/button.dart", "Dart", 0, 0, 0, 69, 0, 0, 0, 0, 0, 0, 0, 0, 0, 0, 3, 72
"/Users/paixs/Library/My_Flutter_Project/私密/外包/dianliyunwei/package/paixs_utils/lib/widget/custom_route.dart", "Dart", 0, 0, 0, 69, 0, 0, 0, 0, 0, 0, 0, 0, 0, 1, 4, 74
"/Users/paixs/Library/My_Flutter_Project/私密/外包/dianliyunwei/package/paixs_utils/lib/widget/custom_scroll_physics.dart", "Dart", 0, 0, 0, 17, 0, 0, 0, 0, 0, 0, 0, 0, 0, 1, 3, 21
"/Users/paixs/Library/My_Flutter_Project/私密/外包/dianliyunwei/package/paixs_utils/lib/widget/image.dart", "Dart", 0, 0, 0, 123, 0, 0, 0, 0, 0, 0, 0, 0, 0, 15, 6, 144
"/Users/paixs/Library/My_Flutter_Project/私密/外包/dianliyunwei/package/paixs_utils/lib/widget/inkbtn_widget.dart", "Dart", 0, 0, 0, 30, 0, 0, 0, 0, 0, 0, 0, 0, 0, 0, 4, 34
"/Users/paixs/Library/My_Flutter_Project/私密/外包/dianliyunwei/package/paixs_utils/lib/widget/item_tap_widget.dart", "Dart", 0, 0, 0, 30, 0, 0, 0, 0, 0, 0, 0, 0, 0, 0, 3, 33
"/Users/paixs/Library/My_Flutter_Project/私密/外包/dianliyunwei/package/paixs_utils/lib/widget/matrix4_transform.dart", "Dart", 0, 0, 0, 147, 0, 0, 0, 0, 0, 0, 0, 0, 0, 86, 40, 273
"/Users/paixs/Library/My_Flutter_Project/私密/外包/dianliyunwei/package/paixs_utils/lib/widget/my_classicHeader.dart", "Dart", 0, 0, 0, 262, 0, 0, 0, 0, 0, 0, 0, 0, 0, 0, 22, 284
"/Users/paixs/Library/My_Flutter_Project/私密/外包/dianliyunwei/package/paixs_utils/lib/widget/my_custom_scroll.dart", "Dart", 0, 0, 0, 146, 0, 0, 0, 0, 0, 0, 0, 0, 0, 1, 4, 151
"/Users/paixs/Library/My_Flutter_Project/私密/外包/dianliyunwei/package/paixs_utils/lib/widget/mylistview.dart", "Dart", 0, 0, 0, 361, 0, 0, 0, 0, 0, 0, 0, 0, 0, 9, 12, 382
"/Users/paixs/Library/My_Flutter_Project/私密/外包/dianliyunwei/package/paixs_utils/lib/widget/mytext.dart", "Dart", 0, 0, 0, 91, 0, 0, 0, 0, 0, 0, 0, 0, 0, 3, 7, 101
"/Users/paixs/Library/My_Flutter_Project/私密/外包/dianliyunwei/package/paixs_utils/lib/widget/pages.dart", "Dart", 0, 0, 0, 67, 0, 0, 0, 0, 0, 0, 0, 0, 0, 0, 18, 85
"/Users/paixs/Library/My_Flutter_Project/私密/外包/dianliyunwei/package/paixs_utils/lib/widget/photo_widget.dart", "Dart", 0, 0, 0, 162, 0, 0, 0, 0, 0, 0, 0, 0, 0, 3, 9, 174
"/Users/paixs/Library/My_Flutter_Project/私密/外包/dianliyunwei/package/paixs_utils/lib/widget/pop_widget.dart", "Dart", 0, 0, 0, 318, 0, 0, 0, 0, 0, 0, 0, 0, 0, 2, 28, 348
"/Users/paixs/Library/My_Flutter_Project/私密/外包/dianliyunwei/package/paixs_utils/lib/widget/rating_bar.dart", "Dart", 0, 0, 0, 615, 0, 0, 0, 0, 0, 0, 0, 0, 0, 7, 9, 631
"/Users/paixs/Library/My_Flutter_Project/私密/外包/dianliyunwei/package/paixs_utils/lib/widget/refresher_widget.dart", "Dart", 0, 0, 0, 60, 0, 0, 0, 0, 0, 0, 0, 0, 0, 0, 5, 65
"/Users/paixs/Library/My_Flutter_Project/私密/外包/dianliyunwei/package/paixs_utils/lib/widget/route.dart", "Dart", 0, 0, 0, 908, 0, 0, 0, 0, 0, 0, 0, 0, 0, 94, 99, 1101
"/Users/paixs/Library/My_Flutter_Project/私密/外包/dianliyunwei/package/paixs_utils/lib/widget/scaffold_widget.dart", "Dart", 0, 0, 0, 56, 0, 0, 0, 0, 0, 0, 0, 0, 0, 0, 5, 61
"/Users/paixs/Library/My_Flutter_Project/私密/外包/dianliyunwei/package/paixs_utils/lib/widget/sheet_widget.dart", "Dart", 0, 0, 0, 307, 0, 0, 0, 0, 0, 0, 0, 0, 0, 1, 32, 340
"/Users/paixs/Library/My_Flutter_Project/私密/外包/dianliyunwei/package/paixs_utils/lib/widget/shimmer_widget.dart", "Dart", 0, 0, 0, 444, 0, 0, 0, 0, 0, 0, 0, 0, 0, 11, 14, 469
"/Users/paixs/Library/My_Flutter_Project/私密/外包/dianliyunwei/package/paixs_utils/lib/widget/tab_widget.dart", "Dart", 0, 0, 0, 62, 0, 0, 0, 0, 0, 0, 0, 0, 0, 1, 7, 70
"/Users/paixs/Library/My_Flutter_Project/私密/外包/dianliyunwei/package/paixs_utils/lib/widget/tween_widget.dart", "Dart", 0, 0, 0, 115, 0, 0, 0, 0, 0, 0, 0, 0, 0, 1, 7, 123
"/Users/paixs/Library/My_Flutter_Project/私密/外包/dianliyunwei/package/paixs_utils/lib/widget/upimage_widget.dart", "Dart", 0, 0, 0, 186, 0, 0, 0, 0, 0, 0, 0, 0, 0, 5, 7, 198
"/Users/paixs/Library/My_Flutter_Project/私密/外包/dianliyunwei/package/paixs_utils/lib/widget/views.dart", "Dart", 0, 0, 0, 1535, 0, 0, 0, 0, 0, 0, 0, 0, 0, 109, 40, 1684
"/Users/paixs/Library/My_Flutter_Project/私密/外包/dianliyunwei/package/paixs_utils/lib/widget/widget_tap.dart", "Dart", 0, 0, 0, 142, 0, 0, 0, 0, 0, 0, 0, 0, 0, 3, 10, 155
"/Users/paixs/Library/My_Flutter_Project/私密/外包/dianliyunwei/package/paixs_utils/lib/widget/wrapImg_widget.dart", "Dart", 0, 0, 0, 62, 0, 0, 0, 0, 0, 0, 0, 0, 0, 0, 5, 67
"/Users/paixs/Library/My_Flutter_Project/私密/外包/dianliyunwei/package/paixs_utils/pubspec.yaml", "YAML", 33, 0, 0, 0, 0, 0, 0, 0, 0, 0, 0, 0, 0, 35, 8, 76
"/Users/paixs/Library/My_Flutter_Project/私密/外包/dianliyunwei/pubspec.yaml", "YAML", 67, 0, 0, 0, 0, 0, 0, 0, 0, 0, 0, 0, 0, 74, 35, 176
"/Users/paixs/Library/My_Flutter_Project/私密/外包/dianliyunwei/test/widget_test.dart", "Dart", 0, 0, 0, 14, 0, 0, 0, 0, 0, 0, 0, 0, 0, 10, 7, 31
"/Users/paixs/Library/My_Flutter_Project/私密/外包/dianliyunwei/web/index.html", "HTML", 0, 0, 0, 0, 0, 0, 0, 0, 0, 0, 0, 0, 26, 15, 5, 46
"/Users/paixs/Library/My_Flutter_Project/私密/外包/dianliyunwei/web/manifest.json", "JSON", 0, 0, 0, 0, 0, 0, 0, 0, 0, 23, 0, 0, 0, 0, 1, 24
"Total", "-", 177, 635, 12, 41071, 66, 221, 17, 52, 160, 31355, 91, 12, 26, 3294, 3203, 80392